{"accuracy": 0.5476190476190477, "spearman": 0.4921183751243997}